{
  "train_loss": [
    2.3480219613938105,
    1.8604374471164884,
    1.3271418242227464,
    1.0085619304861342,
    0.6913592857973916,
    0.4945879777272542,
    0.3973033992307527,
    0.36007689649150487,
    0.36983996629714966,
    0.3543118043314843,
    0.3396317618233817,
    0.36300758449804216,
    0.3352129966730163,
    0.3379704945144199,
    0.3382343923052152,
    0.34424465114162084,
    0.3164090212611925,
    0.32246087597949163,
    0.31519676957811626,
    0.3139061672346933
  ],
  "train_acc": [
    11.818181818181818,
    23.484848484848484,
    48.03030303030303,
    56.74242424242424,
    69.24242424242425,
    74.77272727272727,
    77.5,
    79.92424242424242,
    77.57575757575758,
    76.5909090909091,
    79.16666666666667,
    77.95454545454545,
    79.16666666666667,
    78.56060606060606,
    77.34848484848484,
    77.95454545454545,
    78.93939393939394,
    78.63636363636364,
    76.89393939393939,
    79.0909090909091
  ],
  "val_loss": [
    2.1500589630820532,
    1.5450653271241621,
    1.071145323189822,
    0.8527742353352633,
    0.49030283093452454,
    0.38570803945714777,
    0.3947607468474995,
    0.31193905662406574,
    0.3373682661490007,
    0.3201098387891596,
    0.33323487774892285,
    0.31048996204679663,
    0.29750246757810767,
    0.32169954885136,
    0.30049736120484094,
    0.30442208458076825,
    0.3094237351959402,
    0.28580695390701294,
    0.30825796587900683,
    0.2954400723630732
  ],
  "val_acc": [
    16.363636363636363,
    36.06060606060606,
    53.03030303030303,
    55.45454545454545,
    75.45454545454545,
    76.66666666666667,
    77.87878787878788,
    83.03030303030303,
    82.72727272727273,
    79.0909090909091,
    78.18181818181819,
    79.6969696969697,
    82.42424242424242,
    78.78787878787878,
    79.6969696969697,
    80.0,
    78.48484848484848,
    79.39393939393939,
    83.03030303030303,
    79.39393939393939
  ]
}